"FICHE_ID";"DEFINITIE_BEREKENINGSWIJZE";"DOEL_METING";"BELEIDSDOELSTELLING";"BELEIDSDOCUMENT";"GEREL_BELEIDSDOELSTELLING";"GEREL_BELEIDSDOCUMENT";"ACTIE_PROJECT";"TREFWOORD_1";"TREFWOORD_2";"TREFWOORD_3";"TYPE_INDICATOR";"BRON";"MEETTECHNIEKEN";"MEETEENHEID";"DIMENSIES";"MEETFREQUENTIE";"TIJDSVENSTER";"PUBLICATIEFREQUENTIE";"WEERGAVE";"RESULTAAT_BESCHIKBAAR_VANAF";"STREEFWAARDE";"GEPUBLICEERD_IN_1";"GEPUBLICEERD_IN_2";"GEPUBLICEERD_IN_3";"AANSPREEKPUNT";"AFDELING";"ENTITEIT";"DATUM_WIJZIGING";"OPMERKING_1";"OPMERKING_2";
"3";"product van filelengte en fileduur, cumulatief over de beschouwde periode, cumulatief over wegvakken van het hoofdwegennet";"opvolgen van de zwaarte van de files op het hoofdwegennet";"optimaal benutten van de bestaande wegennetwerken  (beleidsnota 2009-2014)";"1";"";"";"";"";"";"";"3";"verkeerscentrum";"tellussen, telcamera's, AID-camera's en bijkomende meldingen (politie, praatpalen, ...)";"kilometer-uur";"per dagdeel (am/pm), regio (antwerpen/brussel/overige)";"per maand";"gemiddelde over voorbije 12 maanden";"";"1";"2006";"";"VRIND";"";"";"Stefaan Hoornaert";"Verkeerscentrum";"Departement MOW";"11-10-2011";"hogere betrouwbaarheid dan indicator 'verliesuren op het hoofdwegennet'";"maandelijks worden gemiddelden gerapporteerd, het gemiddelde wordt genomen over de voorbije 12 maanden, om seizoensschommelingen te vermijden"
"11";"wordt bijgehouden in de loop van het jaar door voertuigen uit dienst te verwijderen en nieuwe voertuigen in dienst te zetten";"";"het openbaar vervoernetwerk verder uitbouwen";"1";"";"";"";"";"";"";"2";"De Lijn";"";"aantal voertuigen";"per type voertuig (De Lijn), per bouwjaar";"per jaar";"jaareinde";"";"1";"2003";"";"jaarverslag VVM De Lijn";"rapporteringsbesluit";"schriftelijke vragen";"Katrien Weytjens";"directie onderzoek";"VVM De Lijn";"20-05-2011";"";""
"17";"som van het aantal ton opgehaald zwerfvuil op de autosnelwegen en gewestwegen";"";"de verkeersveiligheid en leefbaarheid verhogen";"1";"";"";"";"zwefvuil";"opgehaald";"";"3";"AWV";"som van het opgehaald zwerfvuil in Vlaanderen";"ton";"per provincie";"per jaar";"som van het opgehaald zwerfvuil in Vlaanderen";"";"1";"2004";"";"website AWV";"persbericht";"";"Annick Seghers";"Afdeling Planning en Coördinatie";"Agentschap Wegen en Verkeer";"07-04-2011";"Het Agentschap Wegen en Verkeer beschikt wel over cijfers voor het volledige wegennet van elke territoriale afdeling";"informatie uit parlementaire vraag (PV2010/52)"
"24";"tussenkomsten van het Vlaamse Gewest ter financiering van investeringen en exploitatie";"";"de kwaliteit van de dienstverlening van het openbaar vervoer verhogen";"1";"het openbaar vervoernetwerk verder uitbouwen";"1";"tariefbeleid bij De Lijn";"";"";"";"4";"Boekhouding De Lijn";"Uit boekhouding, berekend door afdeling Overheidsfinanciën";"euro";"per type toelage";"per jaar";"jaartotaal";"";"1";"1991";"";"VRIND";"";"";"Katrien Weytjens";"directie onderzoek";"VVM De Lijn";"14-06-2012";"";""
"39";"";"";"het openbaar vervoernetwerk verder uitbouwen";"1";"";"";"";"";"";"";"2";"";"aa";"aantal diensten";"per provincie";"per jaar";"";"";"1";"2006";"";"";"";"";"Katrien Weytjens";"Directie Onderzoek";"VVM De Lijn";"26-10-2011";"";""
"51";"optelling van het aantal scheepsongevallen met grote schade en met mogelijke gevolgen voor het extern risico per jaar, vanaf de aanlooprou-te op zee tot aan de haven van Antwerpen";"zicht op de mogelijke impact van de zware scheepsongevallen op de externe veiligheid, nl. de veiligheid van de oeverbevolking";"de bestaande maritieme en waterwegnetwerken optimaal benutten";"1";"""‘Logistiek en Infrastructuur’ en ‘Mobiliteit’ – (ViA- Pact 2020)
Beleidsnota MOW 2009-2014, doelstelling 1.1.2.1 Veilige en vlotte maritieme scheepvaartafwikkeling garanderen""";"2";"veilige en vlotte maritieme scheepvaartafwikkeling garanderen";"maritieme vaarwegen";"Westerschelde";"ongevallen";"3";"Informatie Verwerkend Systeem (IVS) van de Schelderadarketen";"telling";"aantal";"";"per jaar";"cumulatief over alle dagen van het jaar";"";"1";"1990";"0";"";"";"";"Bernadette Naets";"Stafdienst MDK";"agentschap voor Maritieme Dienstverlening en Kust";"21-09-2011";"";""
"53";"Op basis van de antwoorden op de deelvragen mbt onderwerp en rekening houdend met correlatie tussen de resultaten";"Het nagaan van het imago van AWV bij de burger en hieruit mogelijke verbeterpunten halen alsook onderbouwing voor nieuwe beleidsvoorstellen.";"een efficiënte en kwaliteitsvolle overheid en regelgeving";"2";"waardegebonden competentie Vlaamse overheid 'klantgerichtheid'";"";"";"tevredenheid";"imago";"";"3";"KTO van AWV naar burger (individuele klant)";"Telefonisch klantentevredenheidsonderzoek (KTO) bij burgers door extern onderzoeksbureau";"percentage top 2 (uitgesproken) tevredenheid";"voor AWV";"tweejaarlijks";"Gemiddeld om de twee jaar, bij voorkeur in het najaar (september)";"";"1";"2007";"zo hoog mogelijk";"BSC / BER AWV";"";"";"Annick Seghers";"Afdeling Planning en Coördinatie";"Agentschap Wegen en Verkeer";"10-11-2011";"";""
"56";"""Geeft weer hoever het staat met de projecten die zijn opgenomen in het Infrastructuur Masterplan voor de Vlaamse waterwegen - Horizon 2014 """"uitgevoerd"""", """"ter studie, in aanbesteding of in uitvoering"""" of """"studie voorafgaand aan beslissing""""""";"";"het waterwegennet beheren en gericht uitbreiden";"1";"";"";"investeren in het vervolledigen van het netwerk van waterwegen";"Infrastructuur masterplan";"Horizon 2014";"infrastructuurplan";"2";"W&Z + DS";"inventarisatie";"gedefinieerde stand van zaken per project";"volgens uitvoeringsgraden in definitie";"per jaar";"toestand op jaareinde";"";"2";"2011";"/";"";"";"";"Guy Palmans";"Beleid en Financiën";"De Scheepvaart";"19-05-2011";"";""
"63";"Hoeveelheid goederen geladen op de waterwegen beheerd door W&Z, uitgedrukt in ton. De  trafiekgegevens worden verzameld tijdens het afleveren van een reisvergunning of bij het registreren van de passage aan sluizen.Deze worden ingegeven in FlaRis";"";"logistieke ketens versterken en in Vlaanderen verankeren";"1";"het waterwegennet beheren en gericht uitbreiden";"1";"";"ladingen";"binnenvaart";"geladen goederen";"3";"W&Z - IBIS";"Telling";"ton";"";"per maand";"24u/24u";"";"1";"2007";"/";"Statistiek van het vervoer op de waterwegen beheerd door Waterwegen en Zeekanaal NV";"/";"/";"Kevin De Coen";"Coördinatie";"Waterwegen en Zeekanaal NV";"21-12-2011";"de cijfers voor het de netwerken van Waterwegen en Zeekanaal en De Scheepvaart worden gezamelijk weergegeven in de draaitabel en de draaigrafiek";""
"23";"Aantal fietsers per kilometer van het beoogde netwerk (potentieel)";"";"fiets- en voetpaden die veilig stappen en trappen mogelijk maken";"1";"";"";"";"fiets";"";"";"3";"AWV, afdeling EVT";"manuele tellingen en / of tellussen";"gemiddeld aantal fietsers per etmaal per kilometer";"per provincie (aantal fietsers, aantal gemeten kilometers en aantal fietsers per kilometer)";"per jaar";"nu in zomer en najaar: meting gedurende 24 uur tov aantal kilometer van het betreffende  fietspad";"";"1";"2002";"zo hoog mogelijk";"BSC / BER AWV";"";"";"Annick Seghers";"Afdeling Planning en Coördinatie";"Agentschap Wegen en Verkeer";"02-05-2011";"";""
"25";"aantal gecoördineerde adviezen";"Opvolging werklast voor opmaak gecoördineerde adviezen";"integraliteit";"1";"efficiëntie";"1";"";"";"";"";"5";"Registratie door afdeling Algemeen Beleid";"telling uitgaande gecoördineerde adviezen (bij registratie uitgaande brieven)";"aantal gecoördineerde adviezen";"per type gecoördineerd advies, per gemeente";"per kwartaal";"per kwartaal";"";"1";"eerste kwartaal 2012";"";"Efficiëntie-indicatoren CAG";"";"";"Bart Van Herbruggen";"Afdeling Algemeen Beleid";"Departement Mobiliteit en Openbare Werken";"24-08-2012";"types gecoördineerd advies: advisering MER, advisering RUP, advisering ontheffing";""
"26";"";"";"de bestaande maritieme en waterwegnetwerken optimaal benutten";"1";"";"";"veilige en vlotte maritieme scheepvaartafwikkeling garanderen";"beloodsingen";"";"";"4";"DAB Loodswezen";"";"aantal VTE";"type loods";"";"status op einde van de maand";"";"1";"juli 2012";"";"";"";"";"";"DAB Loodswezen";"Agentschap voor Maritieme Dienstverlening en Kust";"23-08-2012";"Types loodsen: 'kanaalloodsen', 'kustloodsen', 'rivierloodsen', 'zeeloodsen'";"Input - indicator ten behoeve van efficiëntie-indicatoren CAG"
"27";"";"";"optimaal benutten van de bestaande wegennetwerken";"1";"dynamisch beheren van de vervoerstromen tegen 2020 teneinde de beschikbare infrastructuur optimaal te gebruiken (PACT 2020)";"2";"investeren in dynamisch verkeersbeheer";"";"";"";"4";"Verkeerscentrum";"";"aantal VTE";"";"jaarlijks";"";"";"1";"";"";"";"";"";"Stefaan Hoornaert";"Verkeerscentrum";"Departement Mobiliteit en Openbare Werken";"23-08-2012";"";"Input - indicator ten behoeve van efficiëntie-indicatoren CAG"
"28";"";"opvolging werklast voor opmaak gecoördineerde adviezen";"Integraliteit";"1";"Efficiëntie";"1";"";"";"";"";"4";"";"Registratie";"VTE";"per type gecoördineerd advies";"per kwartaal";"totaal per kwartaal";"";"1";"In ontwikkeling";"";"";"";"";"Bart Van Herbruggen";"Algemeen Beleid";"Departement Mobiliteit en Openbare Werkken";"24-08-2012";"Input - indicator ten behoeve van efficiëntie-indicatoren CAG";"Indicator in ontwikkeling"
"29";"""afhankelijk van het evenement - biljet: 1 ontwaardig = 1 reiziger; kaart heen en terug: 2 reizigers; abonnement: afhankelijk van aantal personen of ritten""";"";"";"";"";"";"";"";"";"";"0";"";"""afhankelijk van het evenement - biljet: 1 ontwaardig = 1 reiziger; kaart heen en terug: 2 reizigers; abonnement: afhankelijk van aantal personen of ritten""";"";"";"";"";"";"0";"";"";"";"";"";"";"";"";"20-05-2011";"Andere informatie over deze indicator: zie fiche voor 'aantal reizigers per type vervoersbewijs (De Lijn) - biljetten, andere kaarten'";""
"31";"13 reizigers per maand per abonnement";"";"";"";"";"";"";"";"";"";"0";"";"13 reizigers per maand per abonnement";"";"";"";"";"";"0";"";"";"";"";"";"";"";"";"20-05-2011";"Andere informatie over deze indicator: zie fiche voor 'aantal reizigers per type vervoersbewijs (De Lijn) - biljetten, andere kaarten'";""
"32";"720 reizigers per abonnement";"";"";"";"";"";"";"";"";"";"0";"";"720 reizigers per abonnement";"";"";"";"";"";"0";"";"";"";"";"";"";"";"";"20-05-2011";"Andere informatie over deze indicator: zie fiche voor 'aantal reizigers per type vervoersbewijs (De Lijn) - biljetten, andere kaarten'";""
"33";"624 reizigers per abonnement";"";"";"";"";"";"";"";"";"";"0";"";"624 reizigers per abonnement";"";"";"";"";"";"0";"";"";"";"";"";"";"";"";"20-05-2011";"Andere informatie over deze indicator: zie fiche voor 'aantal reizigers per type vervoersbewijs (De Lijn) - biljetten, andere kaarten'";""
"34";"180 reizigers per abonnement";"";"";"";"";"";"";"";"";"";"0";"";"180 reizigers per abonnement";"";"";"";"";"";"0";"";"";"";"";"";"";"";"";"20-05-2011";"Andere informatie over deze indicator: zie fiche voor 'aantal reizigers per type vervoersbewijs (De Lijn) - biljetten, andere kaarten'";""
"35";"156 reizigers per abonnement";"";"";"";"";"";"";"";"";"";"0";"";"156 reizigers per abonnement";"";"";"";"";"";"0";"";"";"";"";"";"";"";"";"20-05-2011";"Andere informatie over deze indicator: zie fiche voor 'aantal reizigers per type vervoersbewijs (De Lijn) - biljetten, andere kaarten'";""
"36";"60 reizigers per abonnement";"";"";"";"";"";"";"";"";"";"0";"";"60 reizigers per abonnement";"";"";"";"";"";"0";"";"";"";"";"";"";"";"";"20-05-2011";"Andere informatie over deze indicator: zie fiche voor 'aantal reizigers per type vervoersbewijs (De Lijn) - biljetten, andere kaarten'";""
"38";"? Som van alle inkomsten uit de verkoop van tickets en abonnementen";"";"de kwaliteit van de dienstverlening van het openbaar vervoer verhogen";"1";"de (kosten)efficiëntie van het openbaar vervoer verhogen - een hogere kostendekkingsgraad";"1";"tariefbeleid bij De Lijn";"";"";"";"3";"";"?";"euro";"";"per jaar";"jaartotaal";"";"1";"2000";"";"";"";"";"Katrien Weytjens";"directie onderzoek";"VVM De Lijn";"25-10-2011";"";""
"41";"opvolging status projecten 25 missing links (vermeld in RSV) en 2 bottlenecks in Vlaanderen";"";"Het wegennet onderhouden en gericht uitbreiden - Investeren in capaciteitsuitbreiding en wegwerken van missing links (beleidsnota MOW 2009 - 2014)";"1";"";"";"";"missing links";"";"";"2";"AWV";"opvolging voortgang projecten";"status";"Vlaanderen (25 missing links + 2 bottlenecks)";"jaarlijks";"momentopname";"";"2";"2010";"voltooid";"VRIND";"website AWV";"MORA (Mobiliteitsraad Vlaanderen)";"Annick Seghers";"Afdeling Planning en Coördinatie";"Agentschap Wegen en Verkeer";"07-04-2011";"http://www.wegenenverkeer.be/wegenwerken/knelpunten-en-missing-links/overzicht-missing-links.html";""
"65";"percentage van het gemiddeld aantal verplaatsingen per persoon, per dag dat valt binnen de betreffende afstandsklasse en waarvoor gebruik gemaakt wordt van de betreffende vervoerswijze (voor het grootste deel van de afgelegde afstand - hoofdvervoerswijze)";"bepalen van de (evolutie van) het aandeel van de verschillende vervoerswijzen en van de verschillende afstandsklassen in het totaal aantal verplaatsingen";"stimuleren van het gebruik van alternatieve modi bij de vervoerswijzekeuze";"2";"";"";"";"";"";"";"3";"Onderzoek Verplaatsingsgedrag (OVG), Departement MOW";"Onderzoek Verplaatsingsgedrag - enquête waarin respondent  gevraagd wordt de verplaatsingen op één dag te noteren (verplaatsingsboekje)";"verdeling in procent";"per hoofdvervoerswijze, per afstandsklasse";"per jaar (voor periode september - augustus)";"voor elke respondent een lukraak bepaalde dag in de periode september (jaar t) - augustus (jaar t+1)";"";"1";"2007-2008";"";"Onderzoek Verplaatsingsgedrag (OVG)";"VRIND";"";"Wilfried Goossens";"Beleid Mobiliteit en Verkeersveiligheid";"Departement MOW";"13-05-2011";"Wijzigingen in de meetmethode na de eerste twee metingen (1994-1995 en 2000-2001) maken dat een zinvolle vergelijking tussen deze metingen en de hier gerapporteerde metingen (vanaf 2007-2008) niet mogelijk is,";""
"67";"percentage van de scholieren en studenten dat voor het woon-schoolverkeer gebruikt maakt van de betreffende vervoerswijze (voor het grootste deel van de af te leggen afstand - hoofdvervoerswijze)";"bepalen van de (evolutie van) de modale verdeling voor het woon-school verkeer";"stimuleren van het gebruik van alternatieve vervoersmodi";"2";"";"";"";"";"";"";"3";"Onderzoek Verplaatsingsgedrag (OVG), Departement MOW";"Onderzoek Verplaatsingsgedrag - enquête waarin respondent  gevraagd wordt de verplaatsingen op één dag te noteren (verplaatsingsboekje)";"verdeling in procent";"per vervoerswijze";"per jaar (voor periode september - augustus)";"voor elke respondent een lukraak bepaalde dag in de periode september (jaar t) - augustus (jaar t+1)";"";"1";"2007-2008";"";"Onderzoek Verplaatsingsgedrag (OVG)";"PACT 2020 Kernindicatoren";"VRIND";"Wilfried Goossens";"Beleid Mobiliteit en Verkeersveiligheid";"Departement MOW";"09-05-2011";"Wijzigingen in de meetmethode na de eerste twee metingen (1994-1995 en 2000-2001) maken dat een zinvolle vergelijking tussen deze metingen en de hier gerapporteerde metingen (vanaf 2007-2008) niet mogelijk is,";""
"71";"Hoeveelheid vervoerde containers op de waterwegen in TEU. De trafiekgegevens worden verzameld tijdens het afleveren van een vaarvergunning of bij het registreren van de passage aan sluizen. Deze worden ingegeven in FlaRIS.";"";"logistieke ketens versterken en in Vlaanderen verankeren";"1";"Het waterwegennet beheren en gericht uitbreiden";"1";"/";"container";"TEU";"binnenvaart";"3";"nv De Scheepvaart";"telling";"TEU (twenty-foot equivalent unit)";"";"per maand";"24/24";"";"1";"2005";"/";"Statistisch verslag nv De Scheepvaart";"";"";"Guy Palmans";"Beleid en Financiën";"nv De Scheepvaart";"05-07-2012";"";""
"72";"Hoeveelheid goederen vervoerd op het Albertkanaal uitgedrukt in ton. De trafiekgegevens worden verzameld tijdens het afleveren van een vaarvergunning of bij het registreren van de passage aan sluizen. Deze worden ingegeven in FlaRIS.";"";"logistieke ketens versterken en in Vlaanderen verankeren";"1";"Het waterwegennet beheren en gericht uitbreiden";"1";"";"Tonnage";"waterwegen";"Albertkanaal";"3";"nv. De Scheepvaart";"telling";"ton";"";"per maand";"24/24";"";"1";"2005";"/";"Statistisch verslag nv. De Scheepvaart";"";"";"Guy Palmans";"Beleid en financiën";"nv. De Scheepvaart";"15-04-2013";"";""
"73";"Hoeveelheid goederen vervoerd op de waterwegen uitgedrukt in tonkilometer. De trafiekgegevens worden verzameld tijdens het afleveren van een vaarvergunning of bij het registreren van de passage aan sluizen. Deze worden ingegeven in FlaRIS.";"";"logistieke ketens versterken en in Vlaanderen verankeren";"1";"Het waterwegennet beheren en gericht uitbreiden";"1";"";"Tonkilometer";"Kanalen";"Waterwegen";"3";"nv De Scheepvaart";"Telling";"tonkilometer";"";"per maand";"24/24";"";"1";"2005";"/";"Statistisch verslag nv. De Scheepvaart";"";"";"Guy Palmans";"Beleid en financiën";"nv. De Scheepvaart";"15-04-2013";"de cijfers voor het de netwerken van Waterwegen en Zeekanaal en De Scheepvaart worden gezamelijk weergegeven in de draaitabel en de draaigrafiek";""
"76";"Hoeveelheid goederen geladen langs de waterwegen uitgedrukt in ton. De trafiekgegevens worden verzameld tijdens het afleveren van een vaarvergunning of bij het registreren van de passage aan sluizen. Deze worden ingegeven in FlaRIS.";"";"logistieke ketens versterken en in Vlaanderen verankeren";"1";"het waterwegennet beheren en gericht uitbreiden";"1";"/";"ladingen";"binnenvaart";"geladen goederen";"3";"nv De Scheepvaart";"Telling";"ton";"";"per maand";"24/24";"";"1";"2005";"/";"Statistisch verslag nv. De Scheepvaart";"";"";"Guy Palmans";"Beleid en Financiën";"nv. De Scheepvaart";"05-07-2012";"de cijfers voor het de netwerken van Waterwegen en Zeekanaal en De Scheepvaart worden apart weergegeven in de draaitabel en de draaigrafiek";""
"83";"aantal reddingen MRCC";"zicht op het aantal reddingen dat maandelijks door het MRCC uitgevoerd wordt";"de bestaande maritieme en waterwegnetwerken optimaal benutten";"1";"‘Logistiek en Infrastructuur’ en ‘Mobiliteit’ – (ViA- Pact 2020)";"2";"veilige en vlotte maritieme scheepvaartafwikkeling garanderen";"redding";"";"";"2";"MDK (MRCC)";"";"aantal interventies";"per type incident (MRCC)";"per maand";"maandtotaal";"";"1";"januari 2011";"niet van toepassing";"";"";"indicator in beheersovereenkomst MDK";"Stefaan Priem";"afdeling Scheepvaartbegeleiding";"Agentschap voor Maritieme Dienstverlening en Kust";"03-02-2012";"MRCC: Maritiem Reddings- en Coördinatie Centrum";"redding MRCC: elke interventie waarbij het MRCC als Search and Rescue (SAR) autoriteit is opgetreden om de afhandeling van een incident te coördineren"
"42";"onderhoudsachterstand op de autosnelwegen in Vlaanderen";"";"het wegennet onderhouden en gericht uitbreiden";"1";"";"";"een goed onderhouden wegennet";"structureel onderhoud";"achterstand";"autosnelwegen";"3";"AWV";"opmetingen autosnelwegennet met ARAN (afd Wegenbouwkunde)";"euro (niet geïndexeerd, berekend o.b.v. kostprijzen d.d. 1990-1991)";"type onderhoudsbehoefte (achterstaand onderhoud / onderhoudsbehoefte komende 3 jaren)";"per jaar";"meting eenmaal per jaar rechterrijstrook";"";"1";"2002";"dalend";"rapport 'Toestand wegennet' van afdeling Wegenbouwkunde";"BSC / BER AWV";"";"Annick Seghers";"Afdeling Planning en Coördinatie";"Agentschap Wegen en Verkeer";"16-05-2011";"rapportering aan Vlaams Parlement (rapport 'Toestand wegennet' )";"Voor 2010 ook geïndexeerde cijfers beschikbaar in het rapport"
"2";"aantal systemen naar type op het hoofdwegennet. Types: dubbele detectielussen (meetposten), dubbele detectielussen (meetpunten), gewone bewakingscamera (CCTV), automatische incidentdetectie camera (AID)";"in kaart brengen van het aantal operationele verkeersmonitoringsystemen op het hoofdwegennet";"optimaal benutten van de bestaande wegennetwerken  (beleidsnota 2009-2014)";"1";"dynamisch beheren van de vervoerstromen tegen 2020 teneinde de beschikbare infrastructuur optimaal te gebruiken";"2";"investeren in dynamisch verkeersbeheer";"";"";"";"2";"verkeerscentrum";"inventarisatie";"aantal";"per type monitoringsysteem";"per jaar";"toestand op jaareinde";"";"3";"2010";"";"PACT 2020 Kernindicatoren";"";"";"Stefaan Hoornaert";"Verkeerscentrum";"Departement MOW";"10-11-2011";"""ook weergave op kaart; beschikbaar vanaf 2010""";""
"5";"Som van de (door Vlaamse overheid) afgewerkte schadeclaims ten gevolge van de staat van de weg";"";"het wegennet onderhouden en gericht uitbreiden";"1";"";"";"een goed onderhouden wegennet";"toestand wegennet";"schade";"";"3";"AWV";"tellen afgehandelde dossiers schadeclaims";"aantal schadeclaims";"";"per jaar";"som van een kalenderjaar";"";"1";"2010";"zo klein mogelijk";"website AWV";"persbericht";"";"Annick Seghers";"Afdeling Planning en Coördinatie";"Agentschap Wegen en Verkeer";"03-05-2011";"http://www.wegenenverkeer.be/persberichten/item/1872-schadeclaims-in-2010.html";""
"6";"Aantal schadegevallen openbaar domein / km gewestweg";"";"De verkeersveiligheid en -leefbaarheid verhogen";"1";"";"";"";"leesbaarheid weg";"schade";"";"3";"AWV";"aantal dossiers in programma SCHADE";"aantal schadegevallen per km gewestweg";"per provincie";"per jaar";"som van een kalenderjaar / totaal aantal kilometer gewestweg";"";"1";"";"zo klein mogelijk";"BSC / BER AWV";"";"";"Annick Seghers";"Afdeling Planning en Coördinatie";"Agentschap Wegen en Verkeer";"25-10-2011";"Data beschikbaar vanaf 2004 (met enkele lacunes: data voor een aantal provincies per jaar soms)";""
"7";"12 reizigers per abonnement";"";"";"";"";"";"";"";"";"";"0";"";"12 reizigers per abonnement";"";"";"";"";"";"0";"";"";"";"";"";"";"";"";"20-05-2011";"Andere informatie over deze indicator: zie fiche voor 'aantal reizigers per type vervoersbewijs (De Lijn) - biljetten, andere kaarten'";""
"8";"52 reizigers per maand per abonnement";"";"";"";"";"";"";"";"";"";"0";"";"52 reizigers per maand per abonnement";"";"";"";"";"";"0";"";"";"";"";"";"";"";"";"20-05-2011";"Andere informatie over deze indicator: zie fiche voor 'aantal reizigers per type vervoersbewijs (De Lijn) - biljetten, andere kaarten'";""
"10";"som van het aantal dienstregelingsuren op de dinsdag van een schoolweek";"een richtlijn  hebben om de effecten van externe  en interne factoren op het aantal dienstregelingsuren na te gaan";"het openbaar vervoernetwerk verder uitbouwen";"";"";"";"";"";"";"";"2";"De Lijn";"op basis van de gegevens in General Export (i.e. database)";"uur";"";"per jaar";"een referentiedag";"";"1";"2003";"";"jaarverslag VVM De Lijn";"rapporteringsbesluit";"schriftelijke vragen";"Katrien Weytjens";"directie onderzoek";"VVM De Lijn";"20-05-2011";"geen cijfers beschikbaar voor 2007 en 2008";""
"13";"1 ontwaarding is gelijk aan 1 reiziger";"het aantal ritten gemaakt op bussen en trams van De Lijn - maatstaf voor het succes van De Lijn, maatstaf voor het gebruik van De Lijn";"stimuleren van het gebruik van alternatieve vervoersmodi";"2";"de kwaliteit en dienstverlening van het openbaar vervoer verhogen";"1";"stimuleren van het gebruik van alternatieve vervoersmodi";"";"";"";"3";"De Lijn";"1 ontwaarding is gelijk aan 1 reiziger";"aantal reizigers";"per provincie, per type vervoersbewijs (De Lijn)";"per jaar";"";"";"1";"2000";"";"jaarverslag VVM De Lijn";"rapporteringsbesluit";"schriftelijke vragen";"Katrien Weytjens";"directie onderzoek";"VVM De Lijn";"20-05-2011";"de cijfers voor dit type vervoersbewijs worden samen met deze voor ander types vervoersbewijs weergegeven in de draaitabel en draaigrafiek voor de indicator 'aantal reizigers per type vervoersbewijs (De Lijn)";"gezien verschillen in meettechniek voor de verschillende types vervoersbewijzen, bevat de fichedatabank meerdere fiches voor deze indicator"
"14";"4 reizigers per dag per verkochte dagpass";"";"";"";"";"";"";"";"";"";"";"";"4 reizigers per dag per verkochte dagpass";"";"";"";"";"";"";"";"";"";"";"";"";"";"";"20-05-2011";"Andere informatie over deze indicator: zie fiche voor 'aantal reizigers per type vervoersbewijs (De Lijn) - biljetten, andere kaarten'";""
"15";"percentage van de tijd waarop de kabelnetwerkinfrastructuur beschikbaar is (geen uitval)";"opvolgen van de uitval van het netwerk, uitgebouwd voor het verwezenlijken van telematicaprojecten langs wegen en waterwegen, die door alle beleidsdomeinen van de Vlaamse overheid wordt gebruikt";"d,e bestaande wegennetwerken optimaal benutten (beleidsnota MOW 2009 - 2014)";"1";"dynamisch beheren van de vervoerstromen tegen 2020 teneinde de beschikbare infrastructuur optimaal te gebruiken";"2";"investeren in dynamisch verkeersbeheer";"kabelnetwerk";"";"";"2";"AWV";"monitoring";"percentage (beschikbaarheid)";"";"per maand";"24/24";"";"1";"2007";"De algemeen aanvaarde standaard voor de minimum beschikbaarheid is 99,99%";"BSC / BER AWV";"";"";"Annick Seghers";"Afdeling Planning en Coördinatie";"Agentschap Wegen en Verkeer";"06-10-2011";"Sinds 2009 worden de resultaten in 4 decimalen na de komma geregistreerd als eenheden (Aanname: beschikbaarheid daalt niet onder de 99%) Een score van 100% wordt geregistreerd als een waarde van ‘10000’.";""
"16";"som inzittenden dag buiten en in verlof / som aantal voertuigen dag buiten en in verlof";"";"het openbaar vervoernetwerk verder uitbouwen";"1";"";"";"het gemeenschappelijk gebruik van private voertuigen stimuleren";"bezettingsgraad";"carpool (?)";"";"3";"AWV, afdeling EVT";"manuele tellingen";"aantal personen per voertuig";"""per type dag (werkdag / verlofdag); per type verkeerssituatie (spits / dal)""";"per jaar";"in verlof en buiten verlof (najaar), in dal en spits";"";"1";"2002";"zo hoog mogelijke bezettingsgraad (ideale waarde op lange termijn: 2)";"BSC / BER AWV";"";"";"Annick Seghers";"Afdeling Planning en Coördinatie";"Agentschap Wegen en Verkeer";"03-05-2011";"";""
"18";"som van het aantal ton gestrooide smeltmiddelen in de winterdienst";"";"de verkeersveiligheid en leefbaarheid verhogen (beleidsnota MOW 2009 - 2014)";"1";"";"";"winteractieprotocol";"winterdienst";"strooien";"zout";"2";"AWV";"som van zoutverbruik";"ton";"per dooimiddel (NaCl-zout, CaCl2-zout)";"per winter (winterdienst: van 3e maandag oktober tot 4e maandag april)";"som van de gebruikte dooimiddelen in Vlaanderen";"";"1";"winter 1990 - 1991";"afhankelijk van de meteorologische omstandigheden";"website AWV";"persbericht";"";"Annick Seghers";"Afdeling Planning en Coördinatie";"Agentschap Wegen en Verkeer";"03-05-2011";"Data te vergelijken met de klimatologische omstandigheden van de betreffende winters";"http://www.wegenenverkeer.be/taken-en-bevoegdheden/winterdienst.html"
"1";"aantal systemen naar type op het hoofdwegennet. Types: dynamisch informatiepaneel boven de weg (VMS), dynamisch informatiepaneel naast de weg (RVMS), dynamische rijstrooksignalisatieborden en portieken (RSS)";"in kaart brengen van het aantal operationele dynamische signalisatiesystemen op het hoofdwegennet";"optimaal benutten van de bestaande wegennetwerken  (beleidsnota 2009-2014)";"1";"dynamisch beheren van de vervoerstromen tegen 2020 teneinde de beschikbare infrastructuur optimaal te gebruiken (PACT 2020)";"2";"investeren in dynamisch verkeersbeheer (beleidsnota 2009-2014)";"";"";"";"2";"verkeerscentrum";"inventarisatie";"aantal";"per type signalisatiesysteem";"per jaar";"toestand op jaareinde";"";"3";"2010";"";"PACT 2020 Kernindicatoren";"";"";"Stefaan Hoornaert";"Verkeerscentrum";"Departement MOW";"23-08-2012";"""ook weergave op kaart; beschikbaar vanaf 2010""";""
"9";"som van de afstand van alle ritten op dinsdag van een schoolweek";"van elke rit (incl belbussen) het aantal afgelegde kilometers meten (voor belbussen gaat het om het theoretisch maximum van afgelegde kilometers) om  een richtlijn te hebben om de effecten van externe factoren op het aantal afgelegde kilometers na te gaan";"het openbaar vervoernetwerk verder uitbouwen";"1";"";"";"";"";"";"";"2";"De Lijn";"afstand van de rit bepaald in Hastus (samen met referentiekaart van het Vlaams Gewest)";"voertuigkilometer";"per provincie";"per jaar";"een referentiedag";"";"1";"2003";"";"jaarverslag VVM De Lijn";"rapporteringsbesluit";"schriftelijke vragen";"Katrien Weytjens";"directie onderzoek";"VVM De Lijn";"20-05-2011";"";""
"22";"Visuele inspectie van de globale staat van de fietspaden";"nagaan aantal kilometer bestaande fietspaden dat voldoet aan handleiding 'inspectie fietspaden'";"fiets- en voetpaden die veilig stappen en trappen mogelijk maken";"1";"";"";"de kwaliteit van bestaande en nieuwe fietsvoorzieningen verhogen";"fietspaden";"staat";"";"3";"AWV";"Handleiding 'inspectie Fietspaden' van AWV: problemen met waterafvoer, overgroeiing, obstakels, lokale onvlakheden, globale onvlakheden en langse gebreken";"kilometer";"per provincie, per klasse staat fietspaden (onvoldoende / voldoende of beter)";"per twee jaar (oneven jaren)";"tweejaarlijkse (oneven jaren) inspectiecampagne";"";"1";"2007";"100%";"Rapport Staat van de fietspaden van de afdeling Wegenbouwkunde";"website AWV";"Limburgplan";"Annick Seghers";"Afdeling Planning en Coördinatie";"Agentschap Wegen en Verkeer";"20-09-2012";"";""
"45";"Op basis van de antwoorden op de deelvragen mbt onderwerp en rekening houdend met correlatie tussen de resultaten";"De tevredenheid bij de burger over de toegankelijkheid / bereikbaarheid van het agentschap nagaan en hieruit mogelijke verbeterpunten halen alsook onderbouwing voor nieuwe beleidsvoorstellen.";"een efficiënte en kwaliteitsvolle overheid en regelgeving";"2";"waardegebonden competentie Vlaamse overheid 'klantgerichtheid'";"";"";"tevredenheid";"contacten";"";"3";"KTO van AWV naar burger (individuele klant)";"Telefonisch klantentevredenheidsonderzoek (KTO) bij burgers door extern onderzoeksbureau";"percentage (top 2 - uitgesproken - tevredenheid)";"";"per twee jaar (oneven jaren)";"Gemiddeld om de twee jaar, bij voorkeur in het najaar (september)";"";"1";"2007";"zo hoog mogelijk";"BSC / BER AWV";"";"";"Annick Seghers";"Afdeling Planning en Coördinatie";"Agentschap Wegen en Verkeer";"22-11-2011";"";""
"58";"voor 4 stormen met waterstand 6,5/7/7,5/8 m TAW worden langs en achter de zeewering het aantal slachtoffers berekend . Er wordt een simulatie van de stormen gemaakt en er wordt nagegaan welke de waterdiepten in de verschillende gebieden hierbij zijn.";"geeft een indicatie van de impact van het overstromingsrisico aan de kust. In die zin geeft de indicator tevens een indicatie voor de noodzaak aan bijkomende zeewerende maatregelen zoals vervat in het geïntegreerd kustveiligheidsplan.";"veiligheid tegen overstroming vanuit zee";"1";"";"";"geïntegreerd kustveiligheidsplan, OW plan Oostende, Zwin project";"kust";"stormen";"slachtoffers";"3";"Waterbouwkundig Laboratorium";"tellen van het aantal slachtoffers (=statistische techniek op basis van wetenschappelijk onderzoek)";"aantal slachtoffers";"per (referentie)jaar, per stormvloedpeil, per aandachtszone van de zeewering, per zeewering vs binnenland";"per 6 jaar";"berekening op basis van gegevens voor een referentiejaar";"";"1";"referentiejaar 2006";"0";"'Overstromingsrisico's aan de Vlaamse kust.";"masterplan kustveiligheid";"";"Jurgen Struyve";"Kust";"agentschap voor Maritieme Dienstverlening en Kust";"06-01-2012";"";""
"19";"status van de 809 gevaarlijke punten en zones project 'wegwerken in Vlaanderen'";"";"veilige infrastructuur";"1";"";"";"";"gevaarlijke punten";"verkeersveiligheid";"";"2";"AWV";"statusrapportering";"aantal gevaarlijke punten en zones";"per provincie, per projectfase (infrastructuurwerken)";"per jaar";"momentopname";"";"1";"";"800 uitgevoerd";"persbericht";"";"";"Annick Seghers";"Afdeling Planning en Coördinatie";"Agentschap Wegen en Verkeer";"16-05-2011";"";""
"20";"som van de werven met hinder voor de weggebruikers op de autosnelwegen in Vlaanderen";"";"het wegennet onderhouden en gericht uitbreiden";"1";"";"";"minder hinder en optimale planning en afstemming van wegenwerken";"minder hinder";"autosnelwegen";"";"2";"AWV (coördinatiepunt wegenwerken - cpw)";"registratie op website cpw";"aantal";"per provincie";"per twee jaar (oneven jaren)";"som van de aantal werven met hinder op de autosnelwegen in Vlaanderen";"";"1";"2011";"niet van toepassing";"wegenwerken.be";"";"";"Annick Seghers";"Afdeling Planning en Coördinatie";"Agentschap Wegen en Verkeer";"13-05-2011";"http://www.wegenenverkeer.be/wegenwerken/werven-2011.html: informatie over werven op autosnelwegen in 2011";""
"21";"onderhoudsachterstand op de gewestwegen (primaire en secundaire wegen) in Vlaanderen";"";"het wegennet onderhouden en gericht uitbreiden";"1";"";"";"een goed onderhouden wegennet";"structureel onderhoud";"achterstand";"gewestwegen";"3";"AWV";"opmetingen autosnelwegennet met ARAN (afd Wegenbouwkunde)";"euro (niet geïndexeerd, berekend o.b.v. kostprijzen d.d. 1990-1991)";"type onderhoudsbehoefte (achterstaand onderhoud / onderhoudsbehoefte komende 3 jaren)";"per jaar";"meting om de 2 jaar (primaire oneven jaren en secundaire even jaren)";"";"1";"2001";"dalend";"rapport 'Toestand wegennet' van afdeling Wegenbouwkunde";"BSC / BER AWV";"";"Annick Seghers";"Afdeling Planning en Coördinatie";"Agentschap Wegen en Verkeer";"16-05-2011";"rapportering aan Vlaams Parlement (rapport 'Toestand wegennet' )";"Voor 2010 ook geïndexeerde cijfers beschikbaar in het rapport"
"81";"op basis van de verhouding van het aantal scheepsongevallen ten opzichte van het aantal scheepsbewegingen                                                                                                                                            [1 - (aantal scheepsongevallen / aantal scheepsbewegingen)]";"de opvolging van het aantal scheepsongevallen in relatie tot het volume van het scheepvaartverkeer";"de bestaande maritieme en waterwegnetwerken optimaal benutten";"1";"‘Logistiek en Infrastructuur’ en ‘Mobiliteit’ – (ViA- Pact 2020)";"2";"veilige en vlotte scheepvaartafwikkeling garanderen";"veilig";"scheepvaart";"";"3";"MDK (afdeling Scheepvaartbegeleiding) - RWS";"gegevens van de verkeerscentrales  van MDK - afdeling Scheepvaartbegeleiding";"percentage (scheepsbewegingen vrij van ongevallen)";"";"per maand";"maand";"";"1";"januari 2009";"> 99,960% op kwartaalbasis                                                                                                                     dus minder dan 0.04% scheepsongevallen voor alle scheepsbewegingen in het volledige aanloopgebied (excl. De havens)";"";"";"indicator in beheersovereenkomst MDK";"Stefaan Priem";"afdeling Scheepvaartbegeleiding";"Agentschap voor Maritieme Dienstverlening en Kust";"31-01-2012";"definitie 'scheepsongeval': een ongeval in de zin van de IMO-code voor het onderzoek naar ongevallen en incidenten op zee";"definitie 'maritieme toegangsweg': de vaargeul van de Franse grens tot aan Wintam en het kanaal Gent-Terneuzen tot aan de Meulestedebrug"
"43";"aantal schepen bediend door Vlaamse loodsen. Hieronder wordt verstaan het loodsen aan boord van het schip of het loodsen vanaf een ander schip of vanaf de wal door middel van radiocommunicatiemiddelen";"nakijken of het aantal beloodsingen per loods niet te hoog wordt waardoor wachttijden voor schepen worden gegenereerd";"de bestaande maritieme en waterwegnetwerken optimaal benutten";"1";"‘Logistiek en Infrastructuur’ en ‘Mobiliteit’ – (ViA- Pact 2020)";"2";"veilige en vlotte maritieme scheepvaartafwikkeling garanderen";"beloodsingen";"wachttijden";"oponthoud";"2";"Loodsen Informatie Systeem 21 (LIS21)";"telling van inzet loodsen";"aantal schepen";"";"per maand";"doorlopende metingen";"";"1";"2003";"minstens evengoed als het gemiddelde van de laatste twee jaren";"balanced score card DAB Loodswezen";"website DAB Loodswezen";"";"Tony Verresen";"DAB Loodswezen";"agentschap voor Maritieme Dienstverlening en Kust";"12-07-2011";"Eenheid = actie van één  loods om schip van punt A naar punt B te brengen";"Er wordt een onderscheid gemaakt per traject en per korps"
"46";"optelling van het aantal scheepsongevallen per jaar vanaf de aanloop-route op zee tot aan de haven van Antwerpen";"zicht op de nautische veiligheid";"de bestaande maritieme en waterwegnetwerken optimaal benutten";"1";"""‘Logistiek en Infrastructuur’ en ‘Mobiliteit’ – (ViA- Pact 2020)
Beleidsnota MOW 2009-2014, doelstelling 1.1.2.1 Veilige en vlotte maritieme scheepvaartafwikkeling garanderen""";"2";"veilige en vlotte maritieme scheepvaartafwikkeling garanderen";"maritieme vaarwegen";"Westerschelde";"ongevallen";"3";"Informatie Verwerkend Systeem (IVS) van de Schelderadarketen";"optelling";"aantal ongevallen";"";"per jaar";"cumulatief over alle dagen van het jaar";"";"1";"1985";"dalende trend over meerdere jaren";"";"";"";"Bernadette Naets";"Stafdienst MDK";"agentschap voor Maritieme Dienstverlening en Kust";"06-12-2011";"cijfers voor 1985 tot 1999:  geregistreerde ongevallen enkel op Westerschelde";"cijfers vanaf 2000: geregistreerde ongevallen op aanlooproutes op zee, Westerschelde en Benedenschelde tot aan de Antwerpse sluizen"
"47";"meting van de duur tussen de tijdstippen “tijdstip waarop de loods aan boord had moeten zijn” en “tijdstip waarop de loods werkelijk aan boord is gegaan”";"in het licht van de ketenbenadering de wachttijden voor schepen tot een minimum te beperken";"de bestaande maritieme en waterwegnetwerken optimaal benutten";"1";"‘Logistiek en Infrastructuur’ en ‘Mobiliteit’ – (ViA- Pact 2020)";"2";"veilige en vlotte maritieme scheepvaartafwikkeling garanderen";"wachttijd";"oponthoud";"";"2";"Loodsen Informatie Systeem 21 (LIS 21)";"teller1: aantal schepen met wachttijden /noemer 1: aantal beloodsingen (Vlaamse en Nederlandse loodsen)";"aantal schepen (als percentage van aantal beloodsingen)";"";"per maand";"doorlopend";"";"1";"2003";"het aantal schepen met oponthoud mag de 25 % van het aantal beloodsingen NIET overschrijden";"balanced score card DAB Loodswezen";"rapportering beheersovereenkomst MDK";"website DAB Loodswezen";"Tony Verresen";"DAB Loodswezen";"agentschap voor Maritieme Dienstverlening en Kust";"12-07-2012";"Het betreft hier enkel de geloodste vaart. Ongeloodste vaart wordt niet meegenomen in het LIS21";"Cijfers worden eveneens gebruikt voor overlegorganen ketenbenadering – haven van Antwerpen en haven van Gent"
"48";"meting van de duur tussen de tijdstippen “tijdstip waarop de loods aan boord had moeten zijn” en “tijdstip waarop de loods werkelijk aan boord is gegaan”";"in het licht van de ketenbenadering de wachttijden voor schepen tot een minimum te beperken";"de bestaande maritieme en waterwegnetwerken optimaal benutten";"1";"‘Logistiek en Infrastructuur’ en ‘Mobiliteit’ – (ViA- Pact 2020)";"2";"veilige en vlotte maritieme scheepvaartafwikkeling garanderen";"wachttijd";"oponthoud";"";"2";"Loodsen Informatie Systeem 21 (LIS 21)";"teller 02: aantal schepen met wachttijden toe te schrijven aan MDK / noemer 02: totaal aantal schepen met wachttijden";"aantal schepen (als percentage van totaal aantal schepen met wachttijden)";"";"per maand";"doorlopend";"";"1";"2006";"mag de 20 % van het totaal “aantal oponthoud” NIET overschrijden";"rapportering beheersovereenkomst MDK";"";"";"Tony Verresen";"DAB Loodswezen";"agentschap voor Maritieme Dienstverlening en Kust";"18-04-2013";"het betreft hier enkel de geloodste vaart. Ongeloodste vaart wordt niet meegenomen in het LIS21";"cijfers worden gebruikt op overlegorganen Ketenbendering haven van Antwerpen"
"52";"% beschikbaarheid van de veerdiensten (uren gevaren versus totaal uren dienstverlening)";"opvolging beschikbaarheid van de veerdiensten";"de bestaande maritieme en waterwegnetwerken optimaal benutten";"1";"strategische doelstelling: taken die het realiseren van de strategische doelstellingen ondersteunen";"";"exploitatie van een aantal veerdiensten (zie opmerking 1)";"veerdienst";"";"";"2";"DAB Vloot";"";"percentage (beschikbaarheid)";"";"per maand";"dienstverleningsuren";"";"1";"januari 2006";"95 %";"";"";"";"Ilse Bailleul";"DAB Vloot";"agentschap voor Maritieme Dienstverlening en Kust";"12-07-2012";"""veerdiensten op de Schelde (Lillo-Doel, Bazel-Hemiksem, Kruibeke-Hoboken), op het kanaal Gent-Terneuzen (Terdonk, Langerbrugge); veerdienst Nieuwpoort; veerdienst Oostende
?veerdienst Nieuwpoort
?veerdienst Oostende""";""
"54";"Resultaat van deelvraag van de klantenbevraging burgers";"Het nagaan van de tevredenheid van de klanten van AWV over de organisatie van wegenwerken op de Vlaamse gewestwegen.";"een efficiënte en kwaliteitsvolle overheid en regelgeving";"2";"waardegebonden competentie Vlaamse overheid 'klantgerichtheid'";"";"";"tevredenheid";"wegenwerken";"";"3";"KTO van AWV naar burger (individuele klant)";"Telefonisch klantentevredenheidsonderzoek (KTO) bij burgers  door extern onderzoeksbureau";"percentage (top 2 - uitgesproken - tevredenheid)";"";"per twee jaar (oneven jaren)";"Gemiddeld om de twee jaar, bij voorkeur in het najaar (september)";"";"1";"2007";"zo hoog mogelijk";"";"";"";"Annick Seghers";"Afdeling Planning en Coördinatie";"Agentschap Wegen en Verkeer";"23-11-2011";"";""
"55";"Hoeveelheid goederen vervoerd op de waterwegen beheerd door W&Z, uitgedrukt in ton. De  trafiekgegevens worden verzameld tijdens het afleveren van een reisvergunning of bij het registreren van de passage aan sluizen.Deze worden ingegeven in FlaRis";"";"logistieke ketens versterken en in Vlaanderen verankeren";"1";"Het waterwegennet beheren en gericht uitbreiden";"1";"";"tonkilometer";"trafiek";"binnenvaart";"3";"W&Z - IBIS";"Telling";"tonkilometer";"";"per maand";"24u/24u";"";"1";"2005";"/";"Statistiek van het vervoer op de waterwegen beheerd door Waterwegen en Zeekanaal NV";"/";"/";"Kevin De Coen";"Coördinatie";"Waterwegen en Zeekanaal NV";"15-04-2013";"de cijfers voor het de netwerken van Waterwegen en Zeekanaal en De Scheepvaart worden gezamelijk weergegeven in de draaitabel en de draaigrafiek";""
"57";"Hoeveelheid goederen gelost langs de waterwegen beheerd door W&Z, uitgedrukt in ton. De  trafiekgegevens worden verzameld tijdens het afleveren van een reisvergunning of bij het registreren van de passage aan sluizen.Deze worden ingegeven in FlaRis";"";"logistieke ketens versterken en in Vlaanderen verankeren";"1";"Het waterwegennet beheren en gericht uitbreiden";"1";"";"lossingen";"binnenvaart";"geloste goederen";"3";"W&Z - IBIS";"Telling";"ton";"";"per maand";"24u/24u";"";"1";"2007";"/";"Statistiek van het vervoer op de waterwegen beheerd door Waterwegen en Zeekanaal NV";"/";"/";"Kevin De Coen";"Coördinatie";"Waterwegen en Zeekanaal NV";"21-12-2011";"de cijfers voor het de netwerken van Waterwegen en Zeekanaal en De Scheepvaart worden gezamelijk weergegeven in de draaitabel en de draaigrafiek";""
"59";"meting van de duur tussen de tijdstippen “tijdstip waarop de loods aan boord had moeten zijn” en “tijdstip waarop de loods werkelijk aan boord is gegaan”";"in het licht van de ketenbenadering de wachttijden voor schepen tot een minimum te beperken";"de bestaande maritieme en waterwegnetwerken optimaal benutten";"1";"‘Logistiek en Infrastructuur’ en ‘Mobiliteit’ – (ViA- Pact 2020)";"2";"veilige en vlotte maritieme scheepvaartafwikkeling garanderen";"wachttijd";"oponthoud";"";"2";"Loodsen Informatie Systeem 21 (LIS 21)";"teller 3: duur oponthoud toe te schrijven aan MDK / noemer 3: totale duur wachttijden";"uur (als percentage van de totale wachttijden)";"";"per maand";"doorlopend";"";"1";"2006";"mag de 20 % van de totale duur van oponthoud NIET overschrijden";"rapportering beheersovereenkomst MDK";"";"";"Tony Verresen";"DAB Loodswezen";"agentschap voor Maritieme Dienstverlening en Kust";"12-07-2012";"Het betreft hier enkel de geloodste vaart. Ongeloodste vaart wordt niet meegenomen in het LIS21";""
"60";"aantal mensdagen adviezen, voordrachten in naam van MDK, lessen gegeven door MDK aan externe partijen (incl. leerlingendagen aan boord van de schepen of leerlingendagen stage bij DAB Loodswezen)";"externe vrijwaring van het behoud en de verdere ontwikkeling van de maritieme knowhow";"promotie van Vlaanderen als logistieke regio";"1";"solidaire open regio - talent";"2";"draagvlak bij de bevolking en de belanghebbenden vergroten";"knowhow";"maritiem";"verankering";"2";"afdelingen en DAB's van MDK";"optellen van de aantallen per afdeling /DAB";"aantal mensdagen";"per subentiteit";"per kwartaal";"totaal voor kwartaal";"";"1";"";"de resultaten van het lopend jaar moeten minstens het gemiddelde van de twee laatste jaren evenaren. De norm wordt jaarlijks aangepast.";"";"";"indicator in beheersovereenkomst MDK";"Tony Verresen";"DAB Loodswezen";"agentschap voor Maritieme Dienstverlening en Kust";"12-07-2012";"";""
"61";"het leveren van nautisch advies en /of consultancy door de DAB Loodswezen.  De indicator heeft enkel betrekking op expertise die geleverd wordt na een formele vraag met betrekking tot het leveren van nautisch advies en /of informatie";"";"zeehavens versterken - toekomstgerichte maritieme toegankelijkheid";"1";"'solidaire open regio’ en ’talent’";"2";"";"advies";"consultancy";"nautisch";"2";"LIS";"";"aantal verleende expertises";"per type aanvrager expertise (intern of extern, zie opmerkingen)";"per maand";"maandtotaal";"";"1";"";"de resultaten van het lopend jaar moeten minstens het gemiddelde van de twee laatste jaren evenaren";"";"";"indicator in beheersovereenkomst mDK";"Tony Verresen";"DAB Loodswezen";"agentschap voor Maritieme Dienstverlening en Kust";"12-07-2012";"Onder interne aanvraag wordt verstaan: een aanvraag van een entiteit van het ministerie van de Vlaamse Gemeenschap, bijvoorbeeld: een afdeling van MDK, een afdeling van een andere administratie, een kabinet van een minister enz";"Onder externe aanvraag wordt verstaan: een aanvraag van een derde buiten het ministerie van de Vlaamse Gemeenschap, bijvoorbeeld een havenbeheerder bij het ontwerpen van nieuwe kaaien, dokken of een aanvraag van een private maatschappij"
"79";"aantal leerlingen, studenten en cursisten in het maritiem onderwijs in Vlaanderen";"opvolgen van de instroom in de maritieme scholen";"promotie van Vlaanderen als logistieke regio";"1";"logistiek en infrastructuur - talent";"2";"(areyouwaterproof) draagvlak bij de bevolking en de belanghebbenden vergroten";"maritiem";"school";"onderwijs";"3";"Cenflumarin, Maritiem Instituut Mercator, Hogere Zeevaartschool, CVO Deurne, CVO avondschool Oostende";"samentellen van het aantal leerlingen -studenten - cursisten in het maritiem onderwijs in Vlaanderen";"aantal personen";"per type onderwijs";"2 x per jaar (maart, oktober)";"totaal per schooljaar (zie opm. 2)";"";"1";"schooljaar 2000-2001";"stabiele of stijgende trend";"Terugblik";"";"indicator in beheersovereenkomst MDK";"Bernadette Naets";"Stafdienst";"agentschap voor Maritieme Dienstverlening en Kust";"04-01-2012";"De statistieken omvatten: secundaire scholen Cenflumarin en Maritiem Instituut Mercator, Hogere Zeevaartschool, CVO Deurne, CVO Oostende";"De in oktober (start schooljaar) gemeten aantallen worden in maart geactualiseerd om opleidingen/modules met een duurtijd die anders is dan een schooljaar in rekening te brengen"
"66";"percentage van de beroepsactieven met een vast werkadres dat voor het woon-werkverkeer gebruikt maakt van de betreffende vervoerswijze (voor het grootste deel van de af te leggen afstand - hoofdvervoerswijze)";"bepalen van de (evolutie van) de modale verdeling voor het woon-werk verkeer";"stimuleren van het gebruik van alternatieve vervoersmodi";"2";"verlagen van het aantal afgelegde kilometer woon-werk verkeer per auto";"2";"";"";"";"";"3";"Onderzoek Verplaatsingsgedrag (OVG), Departement MOW";"Onderzoek Verplaatsingsgedrag (OVG) - personenvragenlijst - vraag 'Op welke wijze gaat u meestal naar het werk'";"verdeling in procent";"per vervoerswijze";"per jaar (voor periode september - augustus)";"Het OVG behelst de periode september (jaar t-1) - augustus (jaar t)";"";"1";"2007-2008";"min, 40% verplaatsingen via collectief vervoer, te voet of per fiets in 2020 (ViA - PACT 2020)";"Onderzoek Verplaatsingsgedrag (OVG):www.mobielvlaanderen.be";"PACT 2020 Kernindicatoren";"VRIND";"Wilfried Goossens";"Beleid Mobiliteit en Verkeersveiligheid";"Departement MOW";"19-04-2013";"Wijzigingen in de meetmethode na de eerste twee metingen (1994-1995 en 2000-2001) maken dat een zinvolle vergelijking tussen deze metingen en de hier gerapporteerde metingen (vanaf 2007-2008) niet mogelijk is,";""
"68";"percentage van het gemiddeld aantal verplaatsingen per persoon, per dag dat wordt gemaakt voor het betreffende verplaatsingsmotief";"bepalen van de (evolutie van) het aandeel van de verschillende verplaatsingsmotieven in het totaal aantal verplaatsingen";"stimuleren van het gebruik van alternatieve vervoersmodi";"2";"";"";"";"";"";"";"1";"Onderzoek Verplaatsingsgedrag (OVG), Departement MOW";"Onderzoek Verplaatsingsgedrag - enquête waarin respondent  gevraagd wordt de verplaatsingen op één dag te noteren (verplaatsingsboekje)";"verdeling in procent";"per verplaatsingsmotief";"per jaar (voor periode september - augustus)";"voor elke respondent een lukraak bepaalde dag in de periode september (jaar t) - augustus (jaar t+1)";"";"1";"2007-2008";"";"Onderzoek Verplaatsingsgedrag (OVG)";"VRIND";"";"Wilfried Goossens";"Beleid Mobiliteit en Verkeersveiligheid";"Departement MOW";"09-05-2011";"Wijzigingen in de meetmethode na de eerste twee metingen (1994-1995 en 2000-2001) maken dat een zinvolle vergelijking tussen deze metingen en de hier gerapporteerde metingen (vanaf 2007-2008) niet mogelijk is,";"Gegeven dat er heden geen beleidsdoelstelling een wijziging van deze verdeling beoogt, is dit een omgevingsindicator eerder dan een output- of effect-indicator"
"69";"Teller: Som van quoteringen (scores) voor alle geïnspecteerde infrastructuren                      Noemer: Theoretische maximale score (= aantal geïnspecteerde infrastructuren * 5)";"bewaken van het minimum kwaliteitsniveau van het patrimonium van de afdeling Kust (MDK)";"multifunctionaliteit van de kust";"1";"veiligheid tegen overstroming vanuit zee";"1";"";"patrimonium";"kust";"";"2";"afdeling Kust";"""de quotering voor een infrastructuur wordt bepaald door het districtshoofd op basis van een inspectierapport (score 1: buiten dienst, score 2: functionele beperking; score 3: structureel onderhoud; score 4: gewone herstelling; score 5: in orde)""";"percentage (t.o.v. maximale inspectiescore)";"per type kustpatrimonium (zeewering, jachthavens, totaal)";"per kwartaal";"de indicator wordt berekend op basis van alle in het trimester gequoteerde inspectierapporten";"";"1";"01 januari 2011";"85 % (zeewering en jachthavens)";"";"";"indicator in beheersovereenkomst MDK";"Jurgen Struyve";"afdeling Kust";"agentschap voor Maritieme Dienstverlening en Kust";"12-07-2012";"ook het aantal kunstwerken met score 1 (buiten dienst), 2 (functionele beperking) en 3 (structureel onderhoud) wordt gerapporteerd";""
"70";"teller: oppervlakte aan havengeulen en havendokken in de jachthavens die op diepte is Noemer: totale oppervlakte aan havengeulen en havendokken in de jachthavens die op diepte moet zijn op het einde van het baggerseizoen (eind juni) (zie opm 1)";"bewaken van de gewenste diepte van de vaargeulen met oog op een vlotte vaart van pleziervaartuigen";"uitbouwen van het toeristisch potentieel van de waterwegen en de kust";"1";"";"";"";"baggerwerken";"jachthaven";"";"2";"afdeling Kust";"Opmeting van de oppervlakte die op streefdiepte is";"percentage (oppervlakte op streefdiepte)";"";"per kwartaal";"toestand op einde van het kwartaal";"";"1";"eerste kwartaal 2010";"derde kwartaal:    50% op diepte  (baggerseizoen start in september)                               vierde kwartaal:   40% op diepte                                                                                                  eerste kwartaal:   65% op diepte                                                                                                         tweede kwartaal: 85% op diepte (baggerseizoen eindigt einde juni)                             Het streefdoel is om 85% te behalen aan het einde van het baggerseizoen (tweede kwartaal) -  De streefpercentages voor de andere kwartalen zijn gebaseerd op de vooropgestelde baggerinspanningen en de te verwachten aanslibbing";"";"";"";"Jurgen Struyve";"afdeling Kust";"agentschap voor Maritieme Dienstverlening en Kust";"30-01-2012";"de baggerwerken worden uitgevoerd van september tot eind juni, in juli en augustus worden normaliter geen baggerwerken uitgevoerd";""
"74";"Hoeveelheid goederen vervoerd op het Albertkanaal uitgedrukt in tonkilometer. De trafiekgegevens worden verzameld tijdens het afleveren van een vaarvergunning of bij het registreren van de passage aan sluizen. Deze worden ingegeven in FlaRIS.";"";"logistieke ketens versterken en in Vlaanderen verankeren";"1";"Het waterwegennet beheren en gericht uitbreiden";"1";"";"tonkilometer";"waterwegen";"Albertkanaal";"3";"nv De Scheepvaart";"telling";"tonkilometer";"";"per maand";"24/24";"";"1";"2005";"/";"Statistisch verslag nv. De Scheepvaart";"";"";"Guy Palmans";"Beleid en financiën";"nv. De Scheepvaart";"15-04-2013";"";""
"75";"Hoeveelheid goederen gelost langs de waterwegen uitgedrukt in ton. De trafiekgegevens worden verzameld tijdens het afleveren van een vaarvergunning of bij het registreren van de passage aan sluizen. Deze worden ingegeven in FlaRIS.";"";"logistieke ketens versterken en in Vlaanderen verankeren";"1";"Het waterwegennet beheren en gericht uitbreiden";"1";"";"lossingen";"binnenvaart";"geloste goederen";"3";"nv. De Scheepvaart";"Telling";"ton";"";"per maand";"24/24";"";"1";"2005";"/";"Statistisch verslag nv. De Scheepvaart";"";"";"Guy Palmans";"Beleid en financiën";"nv. De Scheepvaart";"05-07-2012";"de cijfers voor het de netwerken van Waterwegen en Zeekanaal en De Scheepvaart worden gezamelijk weergegeven in de draaitabel en de draaigrafiek";""
"77";"Hoeveelheid goederen vervoerd op de waterwegen uitgedrukt in ton. De trafiekgegevens worden verzameld tijdens het afleveren van een vaarvergunning of bij het registreren van de passage aan sluizen. Deze worden ingegeven in FlaRIS.";"";"logistieke ketens versterken en in Vlaanderen verankeren";"1";"het waterwegennet beheren en gericht uitbreiden";"1";"";"Tonnage";"Kanalen";"Waterwegen";"3";"nv De Scheepvaart";"Telling";"ton";"";"per maand";"24/24";"";"1";"2005";"/";"Statistisch verslag nv. De Scheepvaart";"";"";"Guy Palmans";"Beleid en financiën";"nv. De Scheepvaart";"15-04-2013";"de cijfers voor het de netwerken van Waterwegen en Zeekanaal en De Scheepvaart worden gezamelijk weergegeven in de draaitabel en de draaigrafiek";""
"78";"(1)  percentage kustlijn voldoende beschermd tegen 1000-jarige storm rekening houdende met de zeespiegelstijging - (2) risicomonitoring: indeling in risicocategoriën op basis van het percentage bresgevoelige locaties per kustvorm";"monitoring van het beschermingsniveau van de Belgische kust";"'3. openbare werken meer dan mobiliteit - 3.1.2 veiligheid tegen overstroming vanuit de zee'";"1";"";"";"";"kustveiligheid";"kussectie";"";"3";"afdeling Kust";"(1) teller: aantal kustsecties voldoende beschermd tegen 1000-jarige storm (opsplitsing voor havens, duinen, badzones) - noemer: totaal aantal kustsecties (opsplitsing voor havens, duinen, badzones) - (2) zie,opm 1";"percentage kustlijn en indeling risicocategorie";"";"Zie opmerking 2";"";"";"1";"01 januari 2010";"Percentage kustlijn voldoende beschermd tegen 1000 jarige storm                                _                                                  2009     2010       2011    2012     2013      2014      2015            Streefwaarde havens              0%        0%       25%    25%     50%       75%     100%                      Streefwaarde badzones         0%      40%      52%     64%     76%       88%     100%     _                                                                                                                                                       Streefwaardes risicomonitoring voor havens, duinen, badzones in 2015:                  100% laag risico voor havens, duinen, badzones / 0% matig risico / 0% hoog risico";"";"";"";"Jurgen Struyve";"afdeling Kust";"agentschap voor Maritieme Dienstverlening en Kust";"09-11-2011";"(2) teller: aantal bresgevoelige kustsecties (opsplitsing voor havens, dui-nen, badzones) - noemer: totaal aantal kustsecties";"afhankelijk van de mate waarin de werkzaamheden van het Kustveiligheidsplan vorderen. Telkens wanneer daar belangrijke werkzaamheden hebben plaatsgevonden, wordt berekend welke impact dit heeft op de waarden van deze indicator"
"80";"verhouding aantal geslaagde reddingen MRCC / totaal aantal reddingen MRCC";"overzicht op het aantal geslaagde reddingsacties uitgevoerd door het MRCC";"de bestaande maritieme en waterwegnetwerken optimaal benutten";"1";"‘Logistiek en Infrastructuur’ en ‘Mobiliteit’ – (ViA- Pact 2020)";"2";"veilige en vlotte scheepvaartafwikkeling garanderen";"redding";"";"";"2";"MRCC";"een reddingsactie wordt als geslaagd beschouwd indien aan alle vastgelegde procedures is voldaan";"percentage (geslaagde reddingsacties)";"";"per maand";"maandtotaal";"";"1";"januari 2011";"100 %";"";"";"indicator in beheersovereenkomst MDK";"Stefaan Priem";"afdeling Scheepvaartbegeleiding";"Agentschap voor Maritieme Dienstverlening en Kust";"02-02-2012";"MRCC: Maritiem Reddings- en Coördinatie Centrum";"redding MRCC: elke interventie waarbij het MRCC als Search and Rescue (SAR) autoriteit is opgetreden om de afhandeling van een incident te coördineren"
"84";"verhouding van het aantal gelukte ten opzichte van het aantal opgemaakte vaarplannen   Vaarplannen worden enkel opgemaakt voor grote gasschepen (artikel 25 schepen), tijgebonden schepen en schepen met marginale afmetingen";"de effectiviteit van de vaarplannen opvolgen";"de bestaande maritieme en waterwegnetwerken optimaal benutten";"1";"‘Logistiek en Infrastructuur’ en ‘Mobiliteit’ – (ViA- Pact 2020)";"2";"veilige en vlotte scheepvaartafwikkeling garanderen";"vaarplan";"";"";"2";"MDK - afdeling Scheepvaartbegeleiding";"Het vaarplan wordt opgesteld opdat het schip op het vroegst mogelijke tijdstip de aan- of afvaart van sluis of ligplaats voltooit. Een vaarplan wordt beschouwd als geslaagd als de aan- of afvaart binnen de geplande tijpoort lukt  (als de vaart binnen de geplande hoogtij periode wordt voltooid).";"percentage (gelukte vaarplannen)";"";"per maand";"maandtotaal";"";"1";"januari 2007";"95 %";"";"";"indicator in beheersovereenkomst MDK";"Stefaan Priem";"afdeling Scheepvaartbegeleiding";"Agentschap voor Maritieme Dienstverlening en Kust";"13-07-2012";"";""
"4";"product van aantal voertuigen en tijdsverlies, cumulatief over periode waarin gemiddelde snelheid < 90% normale snelheid, cumulatief over wegvakken van het hoofdwegennet";"opvolgen van de verliesuren ten gevolge van files en vertragingen op het hoofdwegennet";"optimaal benutten van de bestaande wegennetwerken  (beleidsnota 2009-2014)";"1";"realiseren van minder dan 5% verliesuren (op het totaal aantal gepresteerde voertuiguren) op het hoofdwegennet (PACT 2020)";"2";"";"";"";"";"3";"verkeerscentrum";"enkelvoudige tellussen, telcamera's";"uur";"per regio (antwerpen/brussel/overige)";"per jaar";"cumulatief over alle werkdagen tussen 6u00 en 22u00";"";"1";"2001";"minder dan 5% verliesuren (op het totaal aantal gepresteerde voertuiguren) (PACT2020)";"VRIND";"PACT 2020 Kernindicatoren";"";"Stefaan Hoornaert";"Verkeerscentrum";"Departement MOW";"10-11-2011";"lagere betrouwbaarheid dan indicator 'filezwaarte op het hoofdwegennet' - geen bruikbare cijfers sinds 2009, verbeterde meetmethode wordt geïmplementeerd vanaf 2012";"sedert de werken aan de Antwerpse ring (juni 2004) wordt hier niet meer gemeten, de cijfers vanaf 2004 zijn dus exclusief de Antwerpse ring (R1)"
"12";"beladen kilometers opgesplitst naar tractie (bus/tram/trolley) waarbij voor bus gekeken wordt welke kilometers gereden werden in eigen beheer dan wel door exploitanten (onderscheid geregeld vervoer en leerlingenvervoer)";"geeft een overzicht van de beladen kilometers per soort voertuig (bus/tram/trolley), waarbij voor bus gekeken wordt welke buskilometers gereden werden in eigen beheer en welke door exploitanten (onderscheid regulier vervoer en leerlingenvervoer)";"het openbaar vervoernetwerk verder uitbouwen";"1";"";"";"";"";"";"";"2";"";"kilometers geregistreerd via prodatacassette komen in kilometertoepassing en exploitantentoepassing om via interface op juiste dimensies in de boekhouding terecht te komen";"voertuigkilometer";"per provincie, per voertuigtype (De Lijn)";"per jaar";"gecumuleerd over alle werkdagen van het jaar";"";"1";"2003";"";"jaarverslag";"rapporteringsbesluit";"";"Marc Nuytemans";"directie onderzoek";"VVM De Lijn";"18-04-2013";"";""
"40";"gemiddelde leeftijd van alle vaartuigen waarvoor de DAB Vloot verantwoordelijk is met uitzondering van de historische schepen";"opvolging continue modernisering van de overheidsvloot";"""de bestaande maritieme en waterwegnetwerken optimaal benutten
(Beheersovereenkomst MDK)""";"1";"";"";"continue modernisering van de overheidsvloot";"vloot";"vaartuigen";"";"2";"DAB Vloot";"gemiddelde van de leeftijden van de vaartuigen";"jaar (gemiddelde leeftijd)";"";"per jaar";"toestand op 1 januari";"";"1";"2011";"12 jaar";"";"";"indicator in beheersovereenkomst MDK";"Ilse Bailleul";"DAB Vloot";"agentschap voor Maritieme Dienstverlening en Kust";"12-07-2012";"";""
"44";"Op basis van de antwoorden op de deelvragen mbt onderwerp en rekening houdend met correlatie tussen de resultaten";"De tevredenheid bij de burger over de uitvoering van het gekozen beleid nagaan en hieruit mogelijke verbeterpunten halen alsook onderbouwing voor nieuwe beleidsvoorstellen.";"een efficiënte en kwaliteitsvolle overheid en regelgeving";"2";"waardegebonden competentie Vlaamse overheid 'klantgerichtheid'";"";"";"tevredenheid";"realisatie beleid";"";"3";"Klantentevredenheidsonderzoek van AWV naar burger (individuele klant)";"Telefonisch klantentevredenheidsonderzoek (KTO) bij burgers door extern onderzoeksbureau";"percentage (top 2 - uitgesproken - tevredenheid)";"";"per twee jaar (oneven jaren)";"Gemiddeld om de twee jaar, bij voorkeur in het najaar (september)";"";"1";"2007";"zo hoog mogelijk";"BSC / BER AWV";"";"";"Annick Seghers";"Afdeling Planning en Coördinatie";"Agentschap Wegen en Verkeer";"22-11-2011";"";""
"49";"loodsrechten in de regio Schelde-monden vergeleken met de resultaten van de havens in de Range Le Havre – Hamburg";"de concurrentiepositie van de Vlaamse havens in de Range Le Havre - Hamburg vrijwaren. Hierdoor worden de reders aangezet om de Vlaamse havens als aanloophavens in Europa te gebruiken, hetgeen de Vlaamse economie ten goede komt";"de bestaande maritieme en waterwegnetwerken optimaal benutten";"1";"‘Logistiek en Infrastructuur’ en ‘Mobiliteit’  (ViA- Pact 2020)";"2";"veilige en vlotte maritieme scheepvaartafwikkeling garanderen";"loodsrechten";"loodsgeldtarieven";"tarieven";"2";"studie PWC";"percentage stijging of daling per type schepen in de verschillende havens binnen de range";"percentage (stijging t.o.v. jaareinde vorgaande jaar)";"per type haven, per haven, diepgang";"per jaar";"tarieven op jaareinde";"";"1";"2006";"positief saldo ten aanzien van de andere havens";"studie PWC";"";"";"Tony Verresen";"DAB Loodswezen";"agentschap voor Maritieme Dienstverlening en Kust";"21-10-2011";"havens: Bremerhaven - 35', Bremen -65', Rotterdam (Stad) - 23', Amsterdam (Haven) - 23', Duinkerke - 10', Antwerpen (voor sluis) - 84', Zeebrugge - 20'";""
"50";"er wordt een gemiddelde van de hoogwaterstanden gedurende een jaar op de drie meetpunten (Nieuwpoort, Oostende en Zeebrugge) genomen en herhaald voor een periode van x (=10 à 18 jaar) jaar. Voor deze reeks van gegevens wordt een lineaire trendlijn berekend. De richtingscoëfficient van deze trendlijn geeft de gemiddelde zeespiegelstijging per jaar.";"de zeespiegelstijging wordt gemeten omdat deze een indicatie geeft van het overstromingsrisico. In die zin geeft de indicator tevens een indicatie voor de noodzaak aan bijkomende zeewerende maatregelen zoals vervat in het geïntegreerd kustveiligheidsplan";"veiligheid tegen overstroming vanuit zee";"1";"";"";"het geïntegreerd kustveiligheidsplan";"waterstanden";"zeespiegelstijging";"";"1";"Vlaamse Hydrografie";"a.h.v. getijmeters, diverse maregrafen";"millimeter per jaar";"per meetstation (kust)";"per 5 jaar";"5 jaar";"";"1";"in principe vanaf begin 2011";"/";"";"";"";"Jurgen Struyve";"Kust";"agentschap voor Maritieme Dienstverlening en Kust";"10-01-2012";"Enkel voor Oostende zijn metingen vanaf 1945 beschikbaar.";"Om een indicatie te hebben voor de Zeespiegelstijging wordt best geopteerd voor de richtingscoëffiecient op basis van de trendlijn voor Oostende,"
"62";"voor 4 stormen met waterstand 6,5/7/7,5/8 m TAW worden langs en achter de zeewering de schade berekend . Er wordt een simulatie van de stormen gemaakt en er wordt nagegaan welke de waterdiepten in de verschillende gebieden hierbij zijn.";"meten van de economische schade van het achterland exclusief de haveninfrastructuur (jachten, bedrijven,...) in de voorhaven. Wat de haveninfrastructuur betreft : het betreft niet de schade zeewaarts van de zeeweringslinie, wel de schade landwaarts ervan. Geeft een indicatie van de impact van het overstromingsrisico aan de kust. In die zin geeft de indicator een indicatie voor de noodzaak aan bijkomende zeewerende maatregelen zoals vervat in het geïntegreer kustveiligheidsplan,";"veiligheid tegen overstroming vanuit zee";"1";"";"";"geïntegreerd kustveiligheidsplan, OW plan Oostende, Zwinproject";"kust";"stormen";"schade";"3";"Waterbouwkundig Laboratorium";"";"euro";"per (referentie)jaar, per stormvloedpeil";"per 6 jaar";"berekening op basis van gegevens voor een referentiejaar";"";"1";"referentiejaar 2006";"0";"'Overstromingsrisico's aan de Vlaamse kust. Evaluatie van de zeewering': deel 1 (2008) en deel 2 (2009)";"Masterplan Kustveiligheid";"";"Jurgen Struyve";"Kust";"agentschap voor Maritieme Dienstverlening en Kust";"06-01-2012";"";""
"30";"52 reizigers per maand per abonnement als abonnee in buiten stad woont - 90 reizigers per maand per abonnement als abonnee in stad woont";"";"";"";"";"";"";"";"";"";"0";"";"52 reizigers per maand per abonnement als abonnee in buiten stad woont - 90 reizigers per maand per abonnement als abonnee in stad woont";"";"";"";"";"";"0";"";"";"";"";"";"";"";"";"20-05-2011";"Andere informatie over deze indicator: zie fiche voor 'aantal reizigers per type vervoersbewijs (De Lijn) - biljetten, andere kaarten'";""
"37";"52 reizigers per abonnement";"";"";"";"";"";"";"";"";"";"0";"";"52 reizigers per abonnement";"";"";"";"";"";"0";"";"";"";"";"";"";"";"";"20-05-2011";"Andere informatie over deze indicator: zie fiche voor 'aantal reizigers per type vervoersbewijs (De Lijn) - biljetten, andere kaarten'";""
"82";"indicator nog niet geactiveerd";"nog niet bepaald";"de bestaande maritieme en waterwegnetwerken optimaal benutten";"1";"‘Logistiek en Infrastructuur’ en ‘Mobiliteit’ – (ViA- Pact 2020)";"2";"veilige en vlotte scheepvaartafwikkeling garanderen";"project";"";"";"2";"MDK (afdeling Scheepvaartbegeleiding) - RWS";"nog niet bepaald";"percentage";"nog niet bepaald";"kwartaal";"nog niet bepaald";"";"1";"nog niet bepaald";"nog niet bepaald";"nog niet bepaald";"";"";"Stefaan Priem";"afdeling Scheepvaartbegeleiding";"Agentschap voor Maritieme Dienstverlening en Kust";"07-12-2011";"";""
"221";"def2";"doel 2";"beleidsdoelstelling 2";"1";"gerelateerd 2";"2";"actie proj 2";"tref1";"tref2";"tref3";"1";"Spa";"meettechn2";"gram per vierkante kilometer";"dim2";"freq2";"tijdsvenster2";"Maandelijks";"3";"2013";"streefwaarde:
               2013  2014  2015  Na 2015 
               ----  ----  ----  -------
Streven naar:   90%   95%   97%     100%

Indien onder de 85%, escalatie";"De tijd";"Kerk en Leven";"Humo";"Patrick Verboom";"MOW";"HP";"15-04-2013";"Opm1";"Opm2"
"64";"Hoeveelheid goederen vervoerd op de waterwegen beheerd door W&Z, uitgedrukt in ton. De  trafiekgegevens worden verzameld tijdens het afleveren van een reisvergunning of bij het registreren van de passage aan sluizen. Deze worden ingegeven in FlaRis.";"";"Logistiek Vlaanderen als slimme draaischijf van Europa (beleidsnota 1.3 - SOD)";"1";"logistieke ketens versterken en in Vlaanderen verankeren";"1";"/";"ton";"trafiek";"binnenvaart";"3";"W&Z - IBIS";"Telling";"ton";"";"per maand";"24u/24u";"";"1";"2000";"/";"Statistiek van het vervoer op de waterwegen beheerd door Waterwegen en Zeekanaal NV";"/";"/";"Kevin De Coen";"Coördinatie";"Waterwegen en Zeekanaal NV";"15-04-2013";"de cijfers voor het de netwerken van Waterwegen en Zeekanaal en De Scheepvaart worden gezamelijk weergegeven in de draaitabel en de draaigrafiek";""
"260";"Beroepsvaart: aantal geladen en ledige versluisde schepen opvarend en afvarend (binnenvaart + zeevaart) gesommeerd over alle sluizen

Pleziervaart: optelsom van het aantal scheepspassages over alle sluizen";"In kaart brengen scheepsbewegingen";"De bestaande maritieme en waterwegnetwerken optimaal benutten";"1";"Efficiëntie";"2";"Doelmatige,veilige en vlotte binnenscheepvaartafwikkeli";"sluispassage";"beroepsvaart";"pleziervaart";"2";"Telling door BVB's+Registratie door RIS";"Telling + automatische registratie via RIS";"Aantal versluisde schepen";"";"per jaar";"24/24";"Per jaar";"1";"2010";"";"Statistiek van het vervoer op de waterwe";"";"";"Kevin De Coen";"Coördinatie en ondersteuning";"Waterwegen en Zeekanaal NV";"06-05-2013";"";""
"261";"Aantal personeelsleden in VTE dat instaat voor het bedienen van sluizen";"Aantal sluisbedienaars in VTE in kaart brengen";"De bestaande maritieme en waterwegnetwerken optimaal benutten";"1";"Efficiëntie";"2";"Doelmatige,veilige en vlotte binnenscheepvaartafwikkeli";"binnenvaartbegeleider";"sluizen";"personeel";"4";"Personeelsbezetting BVB's per district";"Registratie";"Aantal sluisbedienaars in VTE";"";"Per jaar";"Peildatum 31.12";"";"1";"2010";"";"";"";"";"Kevin De Coen";"Coördinatie en ondersteuning";"Waterwegen en Zeekanaal NV";"06-05-2013";"";""
